what,kind,bundleId,bundleVersion,description,time
stopped,bundle,org.eclipse.wb.swing.FormLayout,1.1.0.r37x201109091143,"org.eclipse.wb.swing.FormLayout",1339309301393
stopped,bundle,org.eclipse.wb.swing.MigLayout,1.1.0.r37x201109091143,"org.eclipse.wb.swing.MigLayout",1339309301397
stopped,bundle,org.eclipse.wb.swing.java6,1.1.0.r37x201109091143,"org.eclipse.wb.swing.java6",1339309301400
stopped,bundle,org.eclipse.wb.swing.jsr296,1.1.0.r37x201109091143,"org.eclipse.wb.swing.jsr296",1339309301403
stopped,bundle,org.eclipse.wb.swing,1.1.0.r37x201109091143,"org.eclipse.wb.swing",1339309301408
stopped,bundle,org.eclipse.wb.core.ui,1.1.0.r37x201109091028,"org.eclipse.wb.core.ui",1339309301409
stopped,bundle,org.eclipse.wb.layout.group,1.1.0.r37x201109091112,"org.eclipse.wb.layout.group",1339309301412
stopped,bundle,org.eclipse.wb.os.win32,1.1.0.r37x201109091012,"org.eclipse.wb.os.win32",1339309301412
stopped,bundle,org.eclipse.wb.core,1.1.0.r37x201109091012,"org.eclipse.wb.core",1339309301412
stopped,bundle,org.eclipse.jdt.ui,3.7.1.r371_v20110824-0800,"org.eclipse.jdt.ui",1339309301418
stopped,bundle,org.eclipse.wst.dtd.ui,1.0.600.v201103171359,"org.eclipse.wst.dtd.ui",1339309301418
stopped,bundle,org.eclipse.wst.xsd.ui,1.2.404.v201105050216,"org.eclipse.wst.xsd.ui",1339309301425
stopped,bundle,org.eclipse.wst.xml.ui,1.1.202.v201112071516,"org.eclipse.wst.xml.ui",1339309301425
stopped,bundle,org.eclipse.wst.common.ui,1.1.500.v200911190730,"org.eclipse.wst.common.ui",1339309301428
stopped,bundle,org.eclipse.wst.sse.ui,1.3.2.v201201041522,"org.eclipse.wst.sse.ui",1339309301428
stopped,bundle,org.eclipse.search,3.7.0.v20110505-0800,"org.eclipse.search",1339309301436
stopped,bundle,org.eclipse.mylyn.commons.team,0.8.0.v20110608-1400,"org.eclipse.mylyn.commons.team",1339309301438
stopped,bundle,org.eclipse.mylyn.team.ui,3.6.1.v20110825-0100,"org.eclipse.mylyn.team.ui",1339309301438
stopped,bundle,org.eclipse.ui.navigator.resources,3.4.300.I20110421-1800,"org.eclipse.ui.navigator.resources",1339309301441
stopped,bundle,org.eclipse.ltk.ui.refactoring,3.6.0.v20110505-0800,"org.eclipse.ltk.ui.refactoring",1339309301441
stopped,bundle,org.eclipse.mylyn.bugzilla.ui,3.6.0.v20110608-1400,"org.eclipse.mylyn.bugzilla.ui",1339309301441
stopped,bundle,org.eclipse.mylyn.ide.ui,3.6.0.v20110608-1400,"org.eclipse.mylyn.ide.ui",1339309301441
stopped,bundle,org.eclipse.mylyn.resources.ui,3.6.0.v20110608-1400,"org.eclipse.mylyn.resources.ui",1339309301444
stopped,bundle,org.eclipse.mylyn.wikitext.tasks.ui,1.5.0.v20110608-1400,"org.eclipse.mylyn.wikitext.tasks.ui",1339309301446
stopped,bundle,org.eclipse.mylyn.context.ui,3.6.0.v20110608-1400,"org.eclipse.mylyn.context.ui",1339309301446
stopped,bundle,org.eclipse.mylyn.help.ui,3.6.1.v20110830-0100,"org.eclipse.mylyn.help.ui",1339309301450
stopped,bundle,org.eclipse.mylyn.tasks.bugs,3.6.1.v20110825-0100,"org.eclipse.mylyn.tasks.bugs",1339309301454
stopped,bundle,org.eclipse.mylyn.tasks.ui,3.6.2.v20110826-0100,"org.eclipse.mylyn.tasks.ui",1339309301454
stopped,bundle,org.eclipse.team.cvs.ui,3.3.400.I20110510-0800,"org.eclipse.team.cvs.ui",1339309301454
stopped,bundle,org.eclipse.team.ui,3.6.100.I20110525-0800,"org.eclipse.team.ui",1339309301454
stopped,bundle,org.eclipse.compare,3.5.201.R37x_v20110817-0800,"org.eclipse.compare",1339309301454
stopped,bundle,org.eclipse.ui.externaltools,3.2.0.v20110506,"org.eclipse.ui.externaltools",1339309301458
stopped,bundle,org.eclipse.debug.ui,3.7.101.v20110817_r371,"org.eclipse.debug.ui",1339309301458
stopped,bundle,org.eclipse.mylyn.wikitext.ui,1.5.0.v20110608-1400,"org.eclipse.mylyn.wikitext.ui",1339309301462
stopped,bundle,com.android.ide.eclipse.hierarchyviewer,18.0.0.v201203301601-306762,"com.android.ide.eclipse.hierarchyviewer",1339309301463
stopped,bundle,com.android.ide.eclipse.traceview,18.0.0.v201203301601-306762,"com.android.ide.eclipse.traceview",1339309301463
stopped,bundle,com.android.ide.eclipse.ddms,18.0.0.v201203301601-306762,"com.android.ide.eclipse.ddms",1339309301464
stopped,bundle,org.eclipse.ui.console,3.5.100.v20110511,"org.eclipse.ui.console",1339309301464
stopped,bundle,org.eclipse.mylyn.commons.ui,3.6.1.v20110720-0100,"org.eclipse.mylyn.commons.ui",1339309301464
stopped,bundle,org.eclipse.ui.editors,3.7.0.v20110517-0800,"org.eclipse.ui.editors",1339309301468
stopped,bundle,org.eclipse.wst.common.snippets,1.2.100.v201103281740,"org.eclipse.wst.common.snippets",1339309301471
activated,perspective,org.eclipse.jdt.ui,,"org.eclipse.jdt.ui.JavaPerspective",1339309312974
started,bundle,org.eclipse.osgi,3.7.1.R37x_v20110808-1106,"org.eclipse.osgi",1339309312976
started,bundle,org.eclipse.equinox.simpleconfigurator,1.0.200.v20110502-1955,"org.eclipse.equinox.simpleconfigurator",1339309312977
started,bundle,com.ibm.icu,4.4.2.v20110208,"com.ibm.icu",1339309312977
started,bundle,org.eclipse.compare.core,3.5.200.I20110208-0800,"org.eclipse.compare.core",1339309312979
started,bundle,org.eclipse.core.contenttype,3.4.100.v20110423-0524,"org.eclipse.core.contenttype",1339309312979
started,bundle,org.eclipse.core.databinding.observable,1.4.0.I20110222-0800,"org.eclipse.core.databinding.observable",1339309312980
started,bundle,org.eclipse.core.expressions,3.4.300.v20110228,"org.eclipse.core.expressions",1339309312981
started,bundle,org.eclipse.core.filebuffers,3.5.200.v20110505-0800,"org.eclipse.core.filebuffers",1339309312982
started,bundle,org.eclipse.core.filesystem,1.3.100.v20110423-0524,"org.eclipse.core.filesystem",1339309312984
started,bundle,org.eclipse.core.jobs,3.5.100.v20110404,"org.eclipse.core.jobs",1339309312984
started,bundle,org.eclipse.core.net,1.2.100.I20110511-0800,"org.eclipse.core.net",1339309312985
started,bundle,org.eclipse.core.resources,3.7.100.v20110510-0712,"org.eclipse.core.resources",1339309312986
started,bundle,org.eclipse.core.runtime,3.7.0.v20110110,"org.eclipse.core.runtime",1339309312987
started,bundle,org.eclipse.core.runtime.compatibility,3.2.100.v20100505,"org.eclipse.core.runtime.compatibility",1339309312988
started,bundle,org.eclipse.core.runtime.compatibility.auth,3.2.200.v20110110,"org.eclipse.core.runtime.compatibility.auth",1339309312989
started,bundle,org.eclipse.debug.core,3.7.0.v20110518,"org.eclipse.debug.core",1339309312990
started,bundle,org.eclipse.debug.ui,3.7.101.v20110817_r371,"org.eclipse.debug.ui",1339309312993
started,bundle,org.eclipse.epp.mpc.ui,1.1.1.I20110907-0947,"org.eclipse.epp.mpc.ui",1339309312994
started,bundle,org.eclipse.epp.usagedata.gathering,1.3.1.R201106061540,"org.eclipse.epp.usagedata.gathering",1339309312995
started,bundle,org.eclipse.epp.usagedata.recording,1.3.1.R201106061540,"org.eclipse.epp.usagedata.recording",1339309312995
started,bundle,org.eclipse.equinox.app,1.3.100.v20110321,"org.eclipse.equinox.app",1339309312996
started,bundle,org.eclipse.equinox.common,3.6.0.v20110523,"org.eclipse.equinox.common",1339309312997
started,bundle,org.eclipse.equinox.ds,1.3.1.R37x_v20110701,"org.eclipse.equinox.ds",1339309312998
started,bundle,org.eclipse.equinox.event,1.2.100.v20110502,"org.eclipse.equinox.event",1339309312999
started,bundle,org.eclipse.equinox.p2.core,2.1.0.v20110502-1955,"org.eclipse.equinox.p2.core",1339309313001
started,bundle,org.eclipse.equinox.p2.directorywatcher,1.0.300.v20110502-1955,"org.eclipse.equinox.p2.directorywatcher",1339309313001
started,bundle,org.eclipse.equinox.p2.engine,2.1.0.v20110511,"org.eclipse.equinox.p2.engine",1339309313003
started,bundle,org.eclipse.equinox.p2.metadata,2.1.0.v20110510,"org.eclipse.equinox.p2.metadata",1339309313009
started,bundle,org.eclipse.equinox.p2.metadata.repository,1.2.0.v20110511-1359,"org.eclipse.equinox.p2.metadata.repository",1339309313021
started,bundle,org.eclipse.equinox.p2.operations,2.1.0.v20110511-1821,"org.eclipse.equinox.p2.operations",1339309313022
started,bundle,org.eclipse.equinox.p2.reconciler.dropins,1.1.100.v20110510,"org.eclipse.equinox.p2.reconciler.dropins",1339309313023
started,bundle,org.eclipse.equinox.p2.repository,2.1.0.v20110601,"org.eclipse.equinox.p2.repository",1339309313059
started,bundle,org.eclipse.equinox.p2.ui.sdk.scheduler,1.0.100.v20110502-1955,"org.eclipse.equinox.p2.ui.sdk.scheduler",1339309313060
started,bundle,org.eclipse.equinox.p2.updatechecker,1.1.200.v20110502-1955,"org.eclipse.equinox.p2.updatechecker",1339309313060
started,bundle,org.eclipse.equinox.preferences,3.4.1.R37x_v20110725,"org.eclipse.equinox.preferences",1339309313062
started,bundle,org.eclipse.equinox.registry,3.5.101.R37x_v20110810-1611,"org.eclipse.equinox.registry",1339309313063
started,bundle,org.eclipse.equinox.security,1.1.1.R37x_v20110822-1018,"org.eclipse.equinox.security",1339309313064
started,bundle,org.eclipse.equinox.util,1.0.300.v20110502,"org.eclipse.equinox.util",1339309313065
started,bundle,org.eclipse.help,3.5.100.v20110426,"org.eclipse.help",1339309313066
started,bundle,org.eclipse.jdt.apt.core,3.3.500.v20110420-1015,"org.eclipse.jdt.apt.core",1339309313068
started,bundle,org.eclipse.jdt.apt.pluggable.core,1.0.400.v20110305-1450,"org.eclipse.jdt.apt.pluggable.core",1339309313069
started,bundle,org.eclipse.jdt.core,3.7.1.v_B76_R37x,"org.eclipse.jdt.core",1339309313070
started,bundle,org.eclipse.jdt.core.manipulation,1.4.0.v20110505-0800,"org.eclipse.jdt.core.manipulation",1339309313071
started,bundle,org.eclipse.jdt.debug,3.7.1.v20110802_r371,"org.eclipse.jdt.debug",1339309313074
started,bundle,org.eclipse.jdt.debug.ui,3.6.1.v20110803_r371,"org.eclipse.jdt.debug.ui",1339309313074
started,bundle,org.eclipse.jdt.launching,3.6.1.v20110803_r371,"org.eclipse.jdt.launching",1339309313076
started,bundle,org.eclipse.jdt.ui,3.7.1.r371_v20110824-0800,"org.eclipse.jdt.ui",1339309313076
started,bundle,org.eclipse.jface,3.7.0.I20110522-1430,"org.eclipse.jface",1339309313077
started,bundle,org.eclipse.jsch.core,1.1.300.I20110514-0800,"org.eclipse.jsch.core",1339309313077
started,bundle,org.eclipse.ltk.core.refactoring,3.5.201.r371_v20110824-0800,"org.eclipse.ltk.core.refactoring",1339309313079
started,bundle,org.eclipse.ltk.ui.refactoring,3.6.0.v20110505-0800,"org.eclipse.ltk.ui.refactoring",1339309313080
started,bundle,org.eclipse.m2e.logback.configuration,1.0.100.20110804-1717,"org.eclipse.m2e.logback.configuration",1339309313081
started,bundle,org.eclipse.mylyn.bugzilla.core,3.6.2.v20110903-0100,"org.eclipse.mylyn.bugzilla.core",1339309313082
started,bundle,org.eclipse.mylyn.bugzilla.ui,3.6.0.v20110608-1400,"org.eclipse.mylyn.bugzilla.ui",1339309313083
started,bundle,org.eclipse.mylyn.commons.identity,0.8.0.v20110608-1400,"org.eclipse.mylyn.commons.identity",1339309313086
started,bundle,org.eclipse.mylyn.commons.net,3.6.0.v20110608-1400,"org.eclipse.mylyn.commons.net",1339309313086
started,bundle,org.eclipse.mylyn.commons.ui,3.6.1.v20110720-0100,"org.eclipse.mylyn.commons.ui",1339309313104
started,bundle,org.eclipse.mylyn.context.core,3.6.1.v20110720-0100,"org.eclipse.mylyn.context.core",1339309313105
started,bundle,org.eclipse.mylyn.context.ui,3.6.0.v20110608-1400,"org.eclipse.mylyn.context.ui",1339309313107
started,bundle,org.eclipse.mylyn.monitor.ui,3.6.0.v20110608-1400,"org.eclipse.mylyn.monitor.ui",1339309313107
started,bundle,org.eclipse.mylyn.tasks.ui,3.6.2.v20110826-0100,"org.eclipse.mylyn.tasks.ui",1339309313108
started,bundle,org.eclipse.mylyn.team.ui,3.6.1.v20110825-0100,"org.eclipse.mylyn.team.ui",1339309313109
started,bundle,org.eclipse.search,3.7.0.v20110505-0800,"org.eclipse.search",1339309313110
started,bundle,org.eclipse.team.core,3.6.0.I20110525-0800,"org.eclipse.team.core",1339309313111
started,bundle,org.eclipse.team.cvs.core,3.3.400.I20110510-0800,"org.eclipse.team.cvs.core",1339309313112
started,bundle,org.eclipse.team.cvs.ui,3.3.400.I20110510-0800,"org.eclipse.team.cvs.ui",1339309313114
started,bundle,org.eclipse.team.ui,3.6.100.I20110525-0800,"org.eclipse.team.ui",1339309313114
started,bundle,org.eclipse.ui,3.7.0.I20110602-0100,"org.eclipse.ui",1339309313116
started,bundle,org.eclipse.ui.console,3.5.100.v20110511,"org.eclipse.ui.console",1339309313117
started,bundle,org.eclipse.ui.editors,3.7.0.v20110517-0800,"org.eclipse.ui.editors",1339309313117
started,bundle,org.eclipse.ui.forms,3.5.100.v20110425,"org.eclipse.ui.forms",1339309313118
started,bundle,org.eclipse.ui.ide,3.7.0.v20110809-1737,"org.eclipse.ui.ide",1339309313120
started,bundle,org.eclipse.ui.net,1.2.100.I20110511-0800,"org.eclipse.ui.net",1339309313121
started,bundle,org.eclipse.ui.views,3.6.0.I20110412-0800,"org.eclipse.ui.views",1339309313121
started,bundle,org.eclipse.ui.workbench,3.7.0.I20110519-0100,"org.eclipse.ui.workbench",1339309313123
started,bundle,org.eclipse.ui.workbench.texteditor,3.7.0.v20110505-0800,"org.eclipse.ui.workbench.texteditor",1339309313125
started,bundle,org.eclipse.update.configurator,3.3.100.v20100512,"org.eclipse.update.configurator",1339309313126
started,bundle,org.eclipse.update.core,3.2.500.v20110330,"org.eclipse.update.core",1339309313127
started,bundle,org.eclipse.update.scheduler,3.2.300.v20100512,"org.eclipse.update.scheduler",1339309313128
started,bundle,org.eclipse.wb.core,1.1.0.r37x201109091012,"org.eclipse.wb.core",1339309313130
started,bundle,org.eclipse.wb.core.lib,1.1.0.r37x201109091012,"org.eclipse.wb.core.lib",1339309313131
started,bundle,org.eclipse.wb.discovery.core,1.1.0.r37x201109091028,"org.eclipse.wb.discovery.core",1339309313133
started,bundle,com.android.ide.eclipse.adt,18.0.0.v201203301601-306762,"com.android.ide.eclipse.adt",1339309313133
os,sysinfo,,,"win32",1339309313170
arch,sysinfo,,,"x86_64",1339309313170
ws,sysinfo,,,"win32",1339309313170
locale,sysinfo,,,"en_US",1339309313170
processors,sysinfo,,,"4",1339309313170
java.runtime.name,sysinfo,,,"Java(TM) SE Runtime Environment",1339309313170
java.runtime.version,sysinfo,,,"1.6.0_24-b07",1339309313170
java.specification.name,sysinfo,,,"Java Platform API Specification",1339309313170
java.specification.vendor,sysinfo,,,"Sun Microsystems Inc.",1339309313170
java.specification.version,sysinfo,,,"1.6",1339309313170
java.vendor,sysinfo,,,"Sun Microsystems Inc.",1339309313170
java.version,sysinfo,,,"1.6.0_24",1339309313170
java.vm.info,sysinfo,,,"mixed mode",1339309313170
java.vm.name,sysinfo,,,"Java HotSpot(TM) 64-Bit Server VM",1339309313170
java.vm.specification.name,sysinfo,,,"Java Virtual Machine Specification",1339309313170
java.vm.specification.vendor,sysinfo,,,"Sun Microsystems Inc.",1339309313170
activated,perspective,org.eclipse.jdt.ui,,"org.eclipse.jdt.ui.JavaPerspective",1339310447536
started,bundle,org.eclipse.osgi,3.7.1.R37x_v20110808-1106,"org.eclipse.osgi",1339310447538
started,bundle,org.eclipse.equinox.simpleconfigurator,1.0.200.v20110502-1955,"org.eclipse.equinox.simpleconfigurator",1339310447539
started,bundle,com.ibm.icu,4.4.2.v20110208,"com.ibm.icu",1339310447539
started,bundle,org.eclipse.compare.core,3.5.200.I20110208-0800,"org.eclipse.compare.core",1339310447540
started,bundle,org.eclipse.core.contenttype,3.4.100.v20110423-0524,"org.eclipse.core.contenttype",1339310447541
started,bundle,org.eclipse.core.databinding.observable,1.4.0.I20110222-0800,"org.eclipse.core.databinding.observable",1339310447542
started,bundle,org.eclipse.core.expressions,3.4.300.v20110228,"org.eclipse.core.expressions",1339310447542
started,bundle,org.eclipse.core.filebuffers,3.5.200.v20110505-0800,"org.eclipse.core.filebuffers",1339310447543
started,bundle,org.eclipse.core.filesystem,1.3.100.v20110423-0524,"org.eclipse.core.filesystem",1339310447545
started,bundle,org.eclipse.core.jobs,3.5.100.v20110404,"org.eclipse.core.jobs",1339310447545
started,bundle,org.eclipse.core.net,1.2.100.I20110511-0800,"org.eclipse.core.net",1339310447546
started,bundle,org.eclipse.core.resources,3.7.100.v20110510-0712,"org.eclipse.core.resources",1339310447547
started,bundle,org.eclipse.core.runtime,3.7.0.v20110110,"org.eclipse.core.runtime",1339310447548
started,bundle,org.eclipse.core.runtime.compatibility,3.2.100.v20100505,"org.eclipse.core.runtime.compatibility",1339310447549
started,bundle,org.eclipse.core.runtime.compatibility.auth,3.2.200.v20110110,"org.eclipse.core.runtime.compatibility.auth",1339310447550
started,bundle,org.eclipse.debug.core,3.7.0.v20110518,"org.eclipse.debug.core",1339310447551
started,bundle,org.eclipse.debug.ui,3.7.101.v20110817_r371,"org.eclipse.debug.ui",1339310447552
started,bundle,org.eclipse.epp.mpc.ui,1.1.1.I20110907-0947,"org.eclipse.epp.mpc.ui",1339310447553
started,bundle,org.eclipse.epp.usagedata.gathering,1.3.1.R201106061540,"org.eclipse.epp.usagedata.gathering",1339310447553
started,bundle,org.eclipse.epp.usagedata.recording,1.3.1.R201106061540,"org.eclipse.epp.usagedata.recording",1339310447554
started,bundle,org.eclipse.equinox.app,1.3.100.v20110321,"org.eclipse.equinox.app",1339310447555
started,bundle,org.eclipse.equinox.common,3.6.0.v20110523,"org.eclipse.equinox.common",1339310447555
started,bundle,org.eclipse.equinox.ds,1.3.1.R37x_v20110701,"org.eclipse.equinox.ds",1339310447556
started,bundle,org.eclipse.equinox.event,1.2.100.v20110502,"org.eclipse.equinox.event",1339310447557
started,bundle,org.eclipse.equinox.p2.core,2.1.0.v20110502-1955,"org.eclipse.equinox.p2.core",1339310447558
started,bundle,org.eclipse.equinox.p2.directorywatcher,1.0.300.v20110502-1955,"org.eclipse.equinox.p2.directorywatcher",1339310447558
started,bundle,org.eclipse.equinox.p2.engine,2.1.0.v20110511,"org.eclipse.equinox.p2.engine",1339310447559
started,bundle,org.eclipse.equinox.p2.metadata,2.1.0.v20110510,"org.eclipse.equinox.p2.metadata",1339310447560
started,bundle,org.eclipse.equinox.p2.metadata.repository,1.2.0.v20110511-1359,"org.eclipse.equinox.p2.metadata.repository",1339310447561
started,bundle,org.eclipse.equinox.p2.operations,2.1.0.v20110511-1821,"org.eclipse.equinox.p2.operations",1339310447561
started,bundle,org.eclipse.equinox.p2.reconciler.dropins,1.1.100.v20110510,"org.eclipse.equinox.p2.reconciler.dropins",1339310447562
started,bundle,org.eclipse.equinox.p2.repository,2.1.0.v20110601,"org.eclipse.equinox.p2.repository",1339310447563
started,bundle,org.eclipse.equinox.p2.ui.sdk.scheduler,1.0.100.v20110502-1955,"org.eclipse.equinox.p2.ui.sdk.scheduler",1339310447563
started,bundle,org.eclipse.equinox.p2.updatechecker,1.1.200.v20110502-1955,"org.eclipse.equinox.p2.updatechecker",1339310447564
started,bundle,org.eclipse.equinox.preferences,3.4.1.R37x_v20110725,"org.eclipse.equinox.preferences",1339310447565
started,bundle,org.eclipse.equinox.registry,3.5.101.R37x_v20110810-1611,"org.eclipse.equinox.registry",1339310447566
started,bundle,org.eclipse.equinox.security,1.1.1.R37x_v20110822-1018,"org.eclipse.equinox.security",1339310447567
started,bundle,org.eclipse.equinox.util,1.0.300.v20110502,"org.eclipse.equinox.util",1339310447568
started,bundle,org.eclipse.help,3.5.100.v20110426,"org.eclipse.help",1339310447568
started,bundle,org.eclipse.jdt.apt.core,3.3.500.v20110420-1015,"org.eclipse.jdt.apt.core",1339310447569
started,bundle,org.eclipse.jdt.apt.pluggable.core,1.0.400.v20110305-1450,"org.eclipse.jdt.apt.pluggable.core",1339310447570
started,bundle,org.eclipse.jdt.core,3.7.1.v_B76_R37x,"org.eclipse.jdt.core",1339310447571
started,bundle,org.eclipse.jdt.core.manipulation,1.4.0.v20110505-0800,"org.eclipse.jdt.core.manipulation",1339310447572
started,bundle,org.eclipse.jdt.debug,3.7.1.v20110802_r371,"org.eclipse.jdt.debug",1339310447573
started,bundle,org.eclipse.jdt.debug.ui,3.6.1.v20110803_r371,"org.eclipse.jdt.debug.ui",1339310447573
started,bundle,org.eclipse.jdt.launching,3.6.1.v20110803_r371,"org.eclipse.jdt.launching",1339310447574
started,bundle,org.eclipse.jdt.ui,3.7.1.r371_v20110824-0800,"org.eclipse.jdt.ui",1339310447574
started,bundle,org.eclipse.jface,3.7.0.I20110522-1430,"org.eclipse.jface",1339310447575
started,bundle,org.eclipse.jsch.core,1.1.300.I20110514-0800,"org.eclipse.jsch.core",1339310447576
started,bundle,org.eclipse.ltk.core.refactoring,3.5.201.r371_v20110824-0800,"org.eclipse.ltk.core.refactoring",1339310447577
started,bundle,org.eclipse.ltk.ui.refactoring,3.6.0.v20110505-0800,"org.eclipse.ltk.ui.refactoring",1339310447578
started,bundle,org.eclipse.m2e.logback.configuration,1.0.100.20110804-1717,"org.eclipse.m2e.logback.configuration",1339310447579
started,bundle,org.eclipse.mylyn.bugzilla.core,3.6.2.v20110903-0100,"org.eclipse.mylyn.bugzilla.core",1339310447580
started,bundle,org.eclipse.mylyn.bugzilla.ui,3.6.0.v20110608-1400,"org.eclipse.mylyn.bugzilla.ui",1339310447580
started,bundle,org.eclipse.mylyn.commons.identity,0.8.0.v20110608-1400,"org.eclipse.mylyn.commons.identity",1339310447581
started,bundle,org.eclipse.mylyn.commons.net,3.6.0.v20110608-1400,"org.eclipse.mylyn.commons.net",1339310447581
started,bundle,org.eclipse.mylyn.commons.ui,3.6.1.v20110720-0100,"org.eclipse.mylyn.commons.ui",1339310447582
started,bundle,org.eclipse.mylyn.context.core,3.6.1.v20110720-0100,"org.eclipse.mylyn.context.core",1339310447583
started,bundle,org.eclipse.mylyn.context.ui,3.6.0.v20110608-1400,"org.eclipse.mylyn.context.ui",1339310447584
started,bundle,org.eclipse.mylyn.monitor.ui,3.6.0.v20110608-1400,"org.eclipse.mylyn.monitor.ui",1339310447585
started,bundle,org.eclipse.mylyn.tasks.ui,3.6.2.v20110826-0100,"org.eclipse.mylyn.tasks.ui",1339310447586
started,bundle,org.eclipse.mylyn.team.ui,3.6.1.v20110825-0100,"org.eclipse.mylyn.team.ui",1339310447587
started,bundle,org.eclipse.search,3.7.0.v20110505-0800,"org.eclipse.search",1339310447588
started,bundle,org.eclipse.team.core,3.6.0.I20110525-0800,"org.eclipse.team.core",1339310447589
started,bundle,org.eclipse.team.cvs.core,3.3.400.I20110510-0800,"org.eclipse.team.cvs.core",1339310447590
started,bundle,org.eclipse.team.cvs.ui,3.3.400.I20110510-0800,"org.eclipse.team.cvs.ui",1339310447591
started,bundle,org.eclipse.team.ui,3.6.100.I20110525-0800,"org.eclipse.team.ui",1339310447592
started,bundle,org.eclipse.ui,3.7.0.I20110602-0100,"org.eclipse.ui",1339310447594
started,bundle,org.eclipse.ui.console,3.5.100.v20110511,"org.eclipse.ui.console",1339310447595
started,bundle,org.eclipse.ui.editors,3.7.0.v20110517-0800,"org.eclipse.ui.editors",1339310447595
started,bundle,org.eclipse.ui.forms,3.5.100.v20110425,"org.eclipse.ui.forms",1339310447597
started,bundle,org.eclipse.ui.ide,3.7.0.v20110809-1737,"org.eclipse.ui.ide",1339310447599
started,bundle,org.eclipse.ui.net,1.2.100.I20110511-0800,"org.eclipse.ui.net",1339310447600
started,bundle,org.eclipse.ui.views,3.6.0.I20110412-0800,"org.eclipse.ui.views",1339310447601
started,bundle,org.eclipse.ui.workbench,3.7.0.I20110519-0100,"org.eclipse.ui.workbench",1339310447602
started,bundle,org.eclipse.ui.workbench.texteditor,3.7.0.v20110505-0800,"org.eclipse.ui.workbench.texteditor",1339310447603
started,bundle,org.eclipse.update.configurator,3.3.100.v20100512,"org.eclipse.update.configurator",1339310447605
started,bundle,org.eclipse.update.core,3.2.500.v20110330,"org.eclipse.update.core",1339310447606
started,bundle,org.eclipse.update.scheduler,3.2.300.v20100512,"org.eclipse.update.scheduler",1339310447607
started,bundle,org.eclipse.wb.core,1.1.0.r37x201109091012,"org.eclipse.wb.core",1339310447608
started,bundle,org.eclipse.wb.core.lib,1.1.0.r37x201109091012,"org.eclipse.wb.core.lib",1339310447609
started,bundle,org.eclipse.wb.discovery.core,1.1.0.r37x201109091028,"org.eclipse.wb.discovery.core",1339310447610
started,bundle,org.eclipse.wb.discovery.ui,1.1.0.r37x201109091028,"org.eclipse.wb.discovery.ui",1339310447611
started,bundle,com.android.ide.eclipse.adt,18.0.0.v201203301601-306762,"com.android.ide.eclipse.adt",1339310447611
os,sysinfo,,,"win32",1339310447616
arch,sysinfo,,,"x86_64",1339310447616
ws,sysinfo,,,"win32",1339310447616
locale,sysinfo,,,"en_US",1339310447616
processors,sysinfo,,,"4",1339310447616
java.runtime.name,sysinfo,,,"Java(TM) SE Runtime Environment",1339310447616
java.runtime.version,sysinfo,,,"1.6.0_24-b07",1339310447616
java.specification.name,sysinfo,,,"Java Platform API Specification",1339310447616
java.specification.vendor,sysinfo,,,"Sun Microsystems Inc.",1339310447616
java.specification.version,sysinfo,,,"1.6",1339310447616
java.vendor,sysinfo,,,"Sun Microsystems Inc.",1339310447616
java.version,sysinfo,,,"1.6.0_24",1339310447616
java.vm.info,sysinfo,,,"mixed mode",1339310447616
java.vm.name,sysinfo,,,"Java HotSpot(TM) 64-Bit Server VM",1339310447616
java.vm.specification.name,sysinfo,,,"Java Virtual Machine Specification",1339310447616
java.vm.specification.vendor,sysinfo,,,"Sun Microsystems Inc.",1339310447616
java.vm.specification.version,sysinfo,,,"1.0",1339310447616
java.vm.vendor,sysinfo,,,"Sun Microsystems Inc.",1339310447616
java.vm.version,sysinfo,,,"19.1-b02",1339310447616
started,bundle,org.eclipse.m2e.usagedata,1.0.100.20110804-1717,"org.eclipse.m2e.usagedata",1339310447807
opened,view,org.eclipse.ui.ide,3.7.0.v20110809-1737,"org.eclipse.ui.views.ProblemView",1339310451039
opened,view,org.eclipse.ui.console,3.5.100.v20110511,"org.eclipse.ui.console.ConsoleView",1339310455484
deactivated,workbench,org.eclipse.ui.workbench,3.7.0.I20110519-0100,"",1339310472444
activated,workbench,org.eclipse.ui.workbench,3.7.0.I20110519-0100,"",1339310488859
started,bundle,com.android.ide.eclipse.ddms,18.0.0.v201203301601-306762,"com.android.ide.eclipse.ddms",1339310490885
started,bundle,com.android.ide.eclipse.traceview,18.0.0.v201203301601-306762,"com.android.ide.eclipse.traceview",1339310490996
opened,view,com.android.ide.eclipse.ddms,18.0.0.v201203301601-306762,"com.android.ide.eclipse.ddms.views.LogCatView",1339310491030
activated,view,com.android.ide.eclipse.ddms,18.0.0.v201203301601-306762,"com.android.ide.eclipse.ddms.views.LogCatView",1339310491069
activated,editor,org.eclipse.jdt.ui,3.7.1.r371_v20110824-0800,"org.eclipse.jdt.ui.CompilationUnitEditor",1339310492409
deactivated,workbench,org.eclipse.ui.workbench,3.7.0.I20110519-0100,"",1339310492552
activated,workbench,org.eclipse.ui.workbench,3.7.0.I20110519-0100,"",1339310495354
deactivated,workbench,org.eclipse.ui.workbench,3.7.0.I20110519-0100,"",1339310495897
started,bundle,org.eclipse.mylyn.java.tasks,3.6.0.v20110608-1400,"org.eclipse.mylyn.java.tasks",1339311439210
activated,workbench,org.eclipse.ui.workbench,3.7.0.I20110519-0100,"",1339311439222
deactivated,workbench,org.eclipse.ui.workbench,3.7.0.I20110519-0100,"",1339311442253
activated,workbench,org.eclipse.ui.workbench,3.7.0.I20110519-0100,"",1339311444082
deactivated,workbench,org.eclipse.ui.workbench,3.7.0.I20110519-0100,"",1339311444365
activated,workbench,org.eclipse.ui.workbench,3.7.0.I20110519-0100,"",1339311740206
closed,workbench,org.eclipse.ui.workbench,3.7.0.I20110519-0100,"",1339311742374
started,bundle,org.eclipse.compare,3.5.201.R37x_v20110817-0800,"org.eclipse.compare",1339311742719
